plot,block,rate,pattern,stage,diameter_mm,height_cm,who
104,1,56,r,25,0.29,15.24,Laurel
203,2,112,r,25,0.41,17.78,Laurel
206,2,56,g,25,0.26,20.32,Laurel
105,1,168,g,59,0.6,20.32,Laurel
102,1,28,r,55,0.39,22.86,Laurel
109,1,168,r,61,0.42,25.4,Laurel
305,3,112,g,30,0.56,25.4,Laurel
105,1,168,g,61,0.72,25.4,Laurel
101,1,112,r,31,1.26,25.4,Laurel
307,3,168,r,59,0.24,27.94,Laurel
105,1,168,g,61,0.3,27.94,Laurel
105,1,168,g,61,0.43,27.94,Laurel
201,2,112,g,61,0.36,30.48,Laurel
204,2,56,r,61,0.41,30.48,Laurel
308,3,56,r,59,0.44,30.48,Laurel
109,1,168,r,59,0.46,30.48,Laurel
306,3,168,g,61,0.61,30.48,Cody
308,3,56,r,61,0.7,30.48,Laurel
206,2,56,g,61,0.74,30.48,Laurel
306,3,168,g,61,0.5,31.75,Cody
101,1,112,r,61,0.45,33.02,Laurel
306,3,168,g,69,0.55,33.02,Cody
306,3,168,g,69,0.68,33.02,Cody
208,2,28,g,47,2.08,33.02,Laurel
303,3,112,r,61,0.47,35.56,Laurel
105,1,168,g,61,0.51,35.56,Laurel
307,3,168,r,59,0.54,35.56,Laurel
203,2,112,r,61,0.77,35.56,Laurel
307,3,168,r,69,0.8,35.56,Laurel
305,3,112,g,49,0.93,35.56,Laurel
209,2,168,g,61,0.94,35.56,Laurel
204,2,56,r,63,0.23,38.1,Laurel
301,3,56,g,61,0.37,38.1,Laurel
306,3,168,g,69,0.39,38.1,Cody
105,1,168,g,61,0.4,38.1,Laurel
209,2,168,g,61,0.53,38.1,Laurel
206,2,56,g,61,0.54,38.1,Laurel
306,3,168,g,68,0.54,38.1,Cody
105,1,168,g,63,0.56,38.1,Laurel
202,2,168,r,61,0.58,38.1,Laurel
105,1,168,g,61,0.65,38.1,Laurel
202,2,168,r,59,0.67,38.1,Laurel
105,1,168,g,61,0.72,38.1,Laurel
306,3,168,g,69,0.96,38.1,Cody
206,2,56,g,59,1.16,38.1,Laurel
104,1,56,r,59,1.28,38.1,Laurel
306,3,168,g,69,0.32,39.37,Cody
307,3,168,r,61,0.44,40.64,Laurel
209,2,168,g,61,0.5,40.64,Laurel
307,3,168,r,59,0.51,40.64,Laurel
105,1,168,g,61,0.54,40.64,Laurel
109,1,168,r,61,0.61,40.64,Laurel
107,1,56,g,61,0.63,40.64,Laurel
105,1,168,g,61,0.7,40.64,Laurel
209,2,168,g,61,0.82,40.64,Laurel
105,1,168,g,61,0.98,40.64,Laurel
102,1,28,r,57,1.52,40.64,Laurel
306,3,168,g,69,0.75,41.91,Cody
301,3,56,g,59,0.36,43.18,Laurel
201,2,112,g,61,0.4,43.18,Laurel
103,1,112,g,61,0.47,43.18,Laurel
306,3,168,g,69,0.55,43.18,Cody
206,2,56,g,61,0.56,43.18,Laurel
109,1,168,r,67,0.72,43.18,Laurel
202,2,168,r,65,0.73,43.18,Laurel
303,3,112,r,59,0.77,43.18,Laurel
209,2,168,g,61,0.95,43.18,Laurel
303,3,112,r,63,0.96,43.18,Laurel
306,3,168,g,69,0.96,43.18,Cody
306,3,168,g,68,0.71,44.45,Cody
307,3,168,r,65,0.35,45.72,Laurel
307,3,168,r,64,0.36,45.72,Laurel
105,1,168,g,61,0.42,45.72,Laurel
201,2,112,g,61,0.58,45.72,Laurel
105,1,168,g,59,0.59,45.72,Laurel
109,1,168,r,63,0.62,45.72,Laurel
105,1,168,g,61,0.67,45.72,Laurel
105,1,168,g,61,0.68,45.72,Laurel
203,2,112,r,61,0.71,45.72,Laurel
209,2,168,g,61,0.71,45.72,Laurel
105,1,168,g,53,0.79,45.72,Laurel
109,1,168,r,61,0.84,45.72,Laurel
306,3,168,g,69,0.86,45.72,Cody
209,2,168,g,61,1.03,45.72,Laurel
107,1,56,g,61,1.05,45.72,Laurel
102,1,28,r,61,1.31,45.72,Laurel
209,2,168,g,69,1.68,45.72,Laurel
306,3,168,g,69,0.41,46.99,Cody
105,1,168,g,61,0.88,46.99,Laurel
306,3,168,g,68,0.9,46.99,Cody
202,2,168,r,69,0.45,48.26,Laurel
305,3,112,g,61,0.54,48.26,Laurel
201,2,112,g,61,0.58,48.26,Laurel
203,2,112,r,61,0.7,48.26,Laurel
208,2,28,g,61,0.72,48.26,Laurel
306,3,168,g,69,0.73,48.26,Cody
203,2,112,r,61,0.78,48.26,Laurel
105,1,168,g,61,0.8,48.26,Laurel
109,1,168,r,61,1,48.26,Laurel
306,3,168,g,67,0.94,49.53,Cody
307,3,168,r,61,0.31,50.8,Laurel
209,2,168,g,61,0.52,50.8,Laurel
202,2,168,r,61,0.55,50.8,Laurel
109,1,168,r,63,0.59,50.8,Laurel
308,3,56,r,61,0.63,50.8,Laurel
306,3,168,g,69,0.68,50.8,Cody
105,1,168,g,61,0.69,50.8,Laurel
308,3,56,r,59,0.7,50.8,Laurel
201,2,112,g,65,0.75,50.8,Laurel
105,1,168,g,61,0.76,50.8,Laurel
105,1,168,g,63,0.83,50.8,Laurel
206,2,56,g,61,1.05,50.8,Laurel
105,1,168,g,69,1.08,50.8,Laurel
105,1,168,g,65,1.19,50.8,Laurel
202,2,168,r,65,1.21,50.8,Laurel
103,1,112,g,59,1.27,50.8,Laurel
101,1,112,r,61,1.29,50.8,Laurel
101,1,112,r,59,1.37,50.8,Laurel
206,2,56,g,61,1.42,50.8,Laurel
306,3,168,g,69,0.95,52.07,Cody
302,3,28,g,65,0.55,53.34,Laurel
202,2,168,r,61,0.63,53.34,Laurel
304,3,28,r,61,0.63,53.34,Laurel
202,2,168,r,65,0.68,53.34,Laurel
307,3,168,r,61,0.69,53.34,Laurel
109,1,168,r,63,0.7,53.34,Laurel
301,3,56,g,61,0.75,53.34,Laurel
203,2,112,r,63,0.77,53.34,Laurel
109,1,168,r,61,0.8,53.34,Laurel
306,3,168,g,69,0.8,53.34,Cody
209,2,168,g,61,0.83,53.34,Laurel
101,1,112,r,61,0.87,53.34,Laurel
109,1,168,r,61,0.95,53.34,Laurel
107,1,56,g,61,0.96,53.34,Laurel
109,1,168,r,61,0.98,53.34,Laurel
109,1,168,r,61,1.06,53.34,Laurel
209,2,168,g,61,1.12,53.34,Laurel
202,2,168,r,69,1.13,53.34,Laurel
103,1,112,g,61,1.25,53.34,Laurel
102,1,28,r,59,1.49,53.34,Laurel
104,1,56,r,59,1.5,53.34,Laurel
305,3,112,g,59,1.66,53.34,Laurel
102,1,28,r,65,1.98,53.34,Laurel
109,1,168,r,61,0.94,54.61,Laurel
305,3,112,g,61,0.54,55.88,Laurel
202,2,168,r,69,0.72,55.88,Laurel
306,3,168,g,69,0.72,55.88,Cody
204,2,56,r,61,0.76,55.88,Laurel
109,1,168,r,61,0.78,55.88,Laurel
307,3,168,r,59,0.84,55.88,Laurel
109,1,168,r,61,0.85,55.88,Laurel
202,2,168,r,61,0.85,55.88,Laurel
101,1,112,r,65,0.85,55.88,Laurel
109,1,168,r,65,0.86,55.88,Laurel
204,2,56,r,63,0.87,55.88,Laurel
109,1,168,r,61,0.88,55.88,Laurel
201,2,112,g,67,0.88,55.88,Laurel
206,2,56,g,67,0.89,55.88,Laurel
105,1,168,g,61,0.9,55.88,Laurel
109,1,168,r,61,0.93,55.88,Laurel
203,2,112,r,61,0.93,55.88,Laurel
109,1,168,r,65,0.97,55.88,Laurel
306,3,168,g,68,1.02,55.88,Cody
209,2,168,g,61,1.03,55.88,Laurel
209,2,168,g,61,1.04,55.88,Laurel
206,2,56,g,61,1.06,55.88,Laurel
206,2,56,g,61,1.08,55.88,Laurel
109,1,168,r,61,1.1,55.88,Laurel
105,1,168,g,61,1.32,55.88,Laurel
209,2,168,g,69,1.34,55.88,Laurel
105,1,168,g,61,1.36,55.88,Laurel
206,2,56,g,61,1.4,55.88,Laurel
109,1,168,r,61,1.43,55.88,Laurel
307,3,168,r,69,0.53,58.42,Laurel
307,3,168,r,61,0.7,58.42,Laurel
307,3,168,r,61,0.73,58.42,Laurel
201,2,112,g,65,0.76,58.42,Laurel
307,3,168,r,65,0.77,58.42,Laurel
109,1,168,r,61,0.78,58.42,Laurel
303,3,112,r,59,0.79,58.42,Laurel
109,1,168,r,63,0.79,58.42,Laurel
209,2,168,g,65,0.83,58.42,Laurel
104,1,56,r,59,0.84,58.42,Laurel
303,3,112,r,65,0.86,58.42,Laurel
301,3,56,g,65,0.89,58.42,Laurel
109,1,168,r,61,0.91,58.42,Laurel
204,2,56,r,61,0.91,58.42,Laurel
105,1,168,g,61,0.92,58.42,Laurel
206,2,56,g,61,0.92,58.42,Laurel
308,3,56,r,61,0.92,58.42,Laurel
307,3,168,r,59,0.95,58.42,Laurel
109,1,168,r,61,0.97,58.42,Laurel
201,2,112,g,65,0.97,58.42,Laurel
105,1,168,g,61,0.98,58.42,Laurel
109,1,168,r,69,1.01,58.42,Laurel
103,1,112,g,61,1.03,58.42,Laurel
105,1,168,g,61,1.07,58.42,Laurel
105,1,168,g,61,1.09,58.42,Laurel
206,2,56,g,61,1.11,58.42,Laurel
203,2,112,r,61,1.2,58.42,Laurel
209,2,168,g,61,1.22,58.42,Laurel
304,3,28,r,59,1.23,58.42,Laurel
109,1,168,r,61,1.41,58.42,Laurel
103,1,112,g,61,1.42,58.42,Laurel
105,1,168,g,63,1.47,58.42,Laurel
109,1,168,r,61,1.57,58.42,Laurel
303,3,112,r,65,1.61,58.42,Laurel
306,3,168,g,67,1.9,58.42,Cody
102,1,28,r,65,2.4,58.42,Laurel
203,2,112,r,65,2.62,58.42,Laurel
306,3,168,g,67,1,59.69,Cody
201,2,112,g,67,0.48,60.96,Laurel
202,2,168,r,69,0.56,60.96,Laurel
202,2,168,r,69,0.73,60.96,Laurel
109,1,168,r,65,0.76,60.96,Laurel
305,3,112,g,63,0.78,60.96,Laurel
303,3,112,r,61,0.84,60.96,Laurel
307,3,168,r,61,0.84,60.96,Laurel
307,3,168,r,65,0.84,60.96,Laurel
209,2,168,g,61,0.96,60.96,Laurel
303,3,112,r,63,0.99,60.96,Laurel
109,1,168,r,61,1.01,60.96,Laurel
202,2,168,r,65,1.03,60.96,Laurel
109,1,168,r,63,1.05,60.96,Laurel
105,1,168,g,61,1.07,60.96,Laurel
201,2,112,g,67,1.08,60.96,Laurel
202,2,168,r,63,1.1,60.96,Laurel
203,2,112,r,65,1.19,60.96,Laurel
109,1,168,r,61,1.22,60.96,Laurel
209,2,168,g,65,1.27,60.96,Laurel
203,2,112,r,63,1.32,60.96,Laurel
105,1,168,g,65,1.32,60.96,Laurel
306,3,168,g,69,1.48,60.96,Cody
201,2,112,g,69,0.56,63.5,Laurel
303,3,112,r,61,0.57,63.5,Laurel
301,3,56,g,63,0.6,63.5,Laurel
307,3,168,r,69,0.61,63.5,Laurel
301,3,56,g,61,0.66,63.5,Laurel
109,1,168,r,63,0.67,63.5,Laurel
307,3,168,r,65,0.78,63.5,Laurel
201,2,112,g,69,0.88,63.5,Laurel
201,2,112,g,69,0.96,63.5,Laurel
307,3,168,r,69,0.97,63.5,Laurel
307,3,168,r,65,1,63.5,Laurel
109,1,168,r,61,1.1,63.5,Laurel
307,3,168,r,63,1.14,63.5,Laurel
105,1,168,g,63,1.16,63.5,Laurel
101,1,112,r,61,1.17,63.5,Laurel
105,1,168,g,63,1.18,63.5,Laurel
202,2,168,r,65,1.22,63.5,Laurel
105,1,168,g,61,1.33,63.5,Laurel
308,3,56,r,69,1.47,63.5,Laurel
206,2,56,g,61,1.63,63.5,Laurel
306,3,168,g,69,2.26,64.77,Cody
201,2,112,g,65,0.54,66.04,Laurel
307,3,168,r,61,0.55,66.04,Laurel
201,2,112,g,67,0.71,66.04,Laurel
308,3,56,r,63,0.78,66.04,Laurel
303,3,112,r,61,0.79,66.04,Laurel
202,2,168,r,65,0.82,66.04,Laurel
202,2,168,r,63,0.85,66.04,Laurel
105,1,168,g,63,0.92,66.04,Laurel
209,2,168,g,61,0.93,66.04,Laurel
105,1,168,g,61,0.94,66.04,Laurel
306,3,168,g,69,0.96,66.04,Cody
202,2,168,r,63,0.97,66.04,Laurel
307,3,168,r,61,0.98,66.04,Laurel
209,2,168,g,67,0.98,66.04,Laurel
201,2,112,g,61,1,66.04,Laurel
105,1,168,g,61,1.03,66.04,Laurel
109,1,168,r,65,1.03,66.04,Laurel
307,3,168,r,61,1.04,66.04,Laurel
109,1,168,r,65,1.04,66.04,Laurel
209,2,168,g,61,1.09,66.04,Laurel
105,1,168,g,61,1.1,66.04,Laurel
202,2,168,r,63,1.1,66.04,Laurel
202,2,168,r,67,1.11,66.04,Laurel
109,1,168,r,65,1.12,66.04,Laurel
307,3,168,r,61,1.16,66.04,Laurel
103,1,112,g,61,1.19,66.04,Laurel
105,1,168,g,61,1.2,66.04,Laurel
307,3,168,r,65,1.22,66.04,Laurel
103,1,112,g,63,1.37,66.04,Laurel
105,1,168,g,63,1.53,66.04,Laurel
105,1,168,g,63,1.62,66.04,Laurel
208,2,28,g,61,1.82,66.04,Laurel
306,3,168,g,69,0.81,67.31,Cody
109,1,168,r,65,1.06,67.31,Laurel
306,3,168,g,69,1.09,67.31,Cody
201,2,112,g,63,1.2,67.31,Laurel
306,3,168,g,69,0.47,68.58,Cody
307,3,168,r,63,0.62,68.58,Laurel
307,3,168,r,63,0.62,68.58,Laurel
101,1,112,r,59,0.84,68.58,Laurel
105,1,168,g,61,0.9,68.58,Laurel
105,1,168,g,63,0.96,68.58,Laurel
307,3,168,r,63,1.02,68.58,Laurel
109,1,168,r,65,1.02,68.58,Laurel
105,1,168,g,65,1.03,68.58,Laurel
202,2,168,r,63,1.06,68.58,Laurel
202,2,168,r,65,1.07,68.58,Laurel
209,2,168,g,65,1.07,68.58,Laurel
mystery,3,un,un,69,1.07,68.58,Laurel
201,2,112,g,71,1.08,68.58,Laurel
202,2,168,r,65,1.14,68.58,Laurel
202,2,168,r,67,1.15,68.58,Laurel
201,2,112,g,61,1.16,68.58,Laurel
202,2,168,r,63,1.18,68.58,Laurel
202,2,168,r,65,1.18,68.58,Laurel
103,1,112,g,61,1.2,68.58,Laurel
209,2,168,g,65,1.2,68.58,Laurel
201,2,112,g,69,1.2,68.58,Laurel
109,1,168,r,63,1.23,68.58,Laurel
202,2,168,r,65,1.23,68.58,Laurel
203,2,112,r,59,1.24,68.58,Laurel
203,2,112,r,61,1.25,68.58,Laurel
201,2,112,g,65,1.27,68.58,Laurel
109,1,168,r,65,1.28,68.58,Laurel
202,2,168,r,69,1.31,68.58,Laurel
203,2,112,r,61,1.33,68.58,Laurel
101,1,112,r,67,1.33,68.58,Laurel
209,2,168,g,65,1.36,68.58,Laurel
307,3,168,r,61,1.37,68.58,Laurel
105,1,168,g,61,1.4,68.58,Laurel
209,2,168,g,61,1.42,68.58,Laurel
203,2,112,r,61,1.45,68.58,Laurel
209,2,168,g,69,1.49,68.58,Laurel
104,1,56,r,63,1.51,68.58,Laurel
109,1,168,r,61,1.53,68.58,Laurel
204,2,56,r,65,1.53,68.58,Laurel
109,1,168,r,61,1.6,68.58,Laurel
107,1,56,g,65,1.65,68.58,Laurel
109,1,168,r,59,1.72,68.58,Laurel
306,3,168,g,67,1.76,68.58,Cody
209,2,168,g,69,1.9,68.58,Laurel
306,3,168,g,67,1.06,69.85,Cody
209,2,168,g,67,1.37,69.85,Laurel
306,3,168,g,68,1.71,69.85,Cody
202,2,168,r,65,0.65,71.12,Laurel
301,3,56,g,69,0.69,71.12,Laurel
307,3,168,r,69,0.69,71.12,Laurel
307,3,168,r,69,0.75,71.12,Laurel
308,3,56,r,65,0.81,71.12,Laurel
307,3,168,r,63,0.82,71.12,Laurel
307,3,168,r,61,0.94,71.12,Laurel
202,2,168,r,67,0.98,71.12,Laurel
305,3,112,g,65,1,71.12,Laurel
101,1,112,r,61,1.03,71.12,Laurel
109,1,168,r,65,1.05,71.12,Laurel
201,2,112,g,67,1.05,71.12,Laurel
202,2,168,r,67,1.06,71.12,Laurel
306,3,168,g,62,1.08,71.12,Cody
109,1,168,r,65,1.09,71.12,Laurel
307,3,168,r,63,1.1,71.12,Laurel
109,1,168,r,65,1.12,71.12,Laurel
202,2,168,r,65,1.12,71.12,Laurel
101,1,112,r,67,1.17,71.12,Laurel
307,3,168,r,69,1.18,71.12,Laurel
202,2,168,r,65,1.19,71.12,Laurel
202,2,168,r,69,1.21,71.12,Laurel
109,1,168,r,59,1.22,71.12,Laurel
101,1,112,r,65,1.22,71.12,Laurel
109,1,168,r,65,1.23,71.12,Laurel
203,2,112,r,63,1.27,71.12,Laurel
203,2,112,r,61,1.31,71.12,Laurel
105,1,168,g,65,1.32,71.12,Laurel
308,3,56,r,61,1.34,71.12,Laurel
109,1,168,r,65,1.34,71.12,Laurel
306,3,168,g,62,1.35,71.12,Cody
202,2,168,r,65,1.38,71.12,Laurel
105,1,168,g,61,1.39,71.12,Laurel
203,2,112,r,61,1.41,71.12,Laurel
203,2,112,r,65,1.44,71.12,Laurel
109,1,168,r,63,1.48,71.12,Laurel
103,1,112,g,61,1.53,71.12,Laurel
206,2,56,g,61,1.6,71.12,Laurel
201,2,112,g,69,1.61,71.12,Laurel
301,3,56,g,63,1.65,71.12,Laurel
307,3,168,r,65,1.92,71.12,Laurel
101,1,112,r,61,1.95,71.12,Laurel
103,1,112,g,61,2.11,71.12,Laurel
103,1,112,g,69,2.89,71.12,Laurel
306,3,168,g,69,0.8,72.39,Cody
105,1,168,g,63,1.3,72.39,Laurel
109,1,168,r,67,1.67,72.39,Laurel
307,3,168,r,63,0.54,73.66,Laurel
307,3,168,r,65,0.58,73.66,Laurel
306,3,168,g,63,0.67,73.66,Cody
302,3,28,g,59,0.69,73.66,Laurel
307,3,168,r,69,0.81,73.66,Laurel
307,3,168,r,61,0.86,73.66,Laurel
307,3,168,r,63,0.86,73.66,Laurel
307,3,168,r,61,0.94,73.66,Laurel
mystery,3,un,un,69,1,73.66,Laurel
202,2,168,r,65,1.04,73.66,Laurel
307,3,168,r,65,1.04,73.66,Laurel
202,2,168,r,65,1.07,73.66,Laurel
202,2,168,r,59,1.09,73.66,Laurel
307,3,168,r,63,1.09,73.66,Laurel
303,3,112,r,69,1.09,73.66,Laurel
202,2,168,r,63,1.1,73.66,Laurel
305,3,112,g,63,1.12,73.66,Laurel
202,2,168,r,69,1.16,73.66,Laurel
307,3,168,r,69,1.16,73.66,Laurel
307,3,168,r,61,1.18,73.66,Laurel
308,3,56,r,65,1.18,73.66,Laurel
202,2,168,r,67,1.19,73.66,Laurel
202,2,168,r,69,1.19,73.66,Laurel
109,1,168,r,65,1.2,73.66,Laurel
202,2,168,r,69,1.2,73.66,Laurel
306,3,168,g,69,1.25,73.66,Cody
103,1,112,g,61,1.27,73.66,Laurel
202,2,168,r,65,1.27,73.66,Laurel
202,2,168,r,65,1.3,73.66,Laurel
101,1,112,r,30,1.33,73.66,Laurel
209,2,168,g,67,1.34,73.66,Laurel
201,2,112,g,71,1.35,73.66,Laurel
107,1,56,g,61,1.36,73.66,Laurel
203,2,112,r,61,1.37,73.66,Laurel
204,2,56,r,69,1.37,73.66,Laurel
202,2,168,r,69,1.38,73.66,Laurel
105,1,168,g,65,1.41,73.66,Laurel
103,1,112,g,65,1.43,73.66,Laurel
109,1,168,r,63,1.44,73.66,Laurel
301,3,56,g,61,1.47,73.66,Laurel
207,2,28,r,61,1.5,73.66,Laurel
202,2,168,r,69,1.53,73.66,Laurel
109,1,168,r,63,1.56,73.66,Laurel
103,1,112,g,61,1.77,73.66,Laurel
203,2,112,r,61,1.9,73.66,Laurel
306,3,168,g,69,2.04,73.66,Cody
203,2,112,r,61,2.08,73.66,Laurel
209,2,168,g,61,2.16,73.66,Laurel
307,3,168,r,65,0.8,76.2,Laurel
305,3,112,g,69,0.83,76.2,Laurel
307,3,168,r,63,0.91,76.2,Laurel
307,3,168,r,61,0.99,76.2,Laurel
107,1,56,g,61,1.02,76.2,Laurel
307,3,168,r,65,1.02,76.2,Laurel
103,1,112,g,63,1.05,76.2,Laurel
202,2,168,r,69,1.06,76.2,Laurel
303,3,112,r,61,1.08,76.2,Laurel
105,1,168,g,61,1.11,76.2,Laurel
105,1,168,g,61,1.14,76.2,Laurel
206,2,56,g,63,1.14,76.2,Laurel
202,2,168,r,67,1.15,76.2,Laurel
301,3,56,g,63,1.16,76.2,Laurel
306,3,168,g,69,1.17,76.2,Cody
109,1,168,r,61,1.18,76.2,Laurel
307,3,168,r,65,1.2,76.2,Laurel
105,1,168,g,53,1.21,76.2,Laurel
202,2,168,r,69,1.22,76.2,Laurel
202,2,168,r,69,1.22,76.2,Laurel
105,1,168,g,67,1.24,76.2,Laurel
103,1,112,g,61,1.31,76.2,Laurel
209,2,168,g,61,1.32,76.2,Laurel
101,1,112,r,61,1.36,76.2,Laurel
306,3,168,g,69,1.37,76.2,Cody
202,2,168,r,71,1.4,76.2,Laurel
209,2,168,g,61,1.43,76.2,Laurel
204,2,56,r,67,1.44,76.2,Laurel
101,1,112,r,69,1.46,76.2,Laurel
202,2,168,r,69,1.47,76.2,Laurel
209,2,168,g,69,1.49,76.2,Laurel
108,1,28,g,61,1.53,76.2,Laurel
202,2,168,r,69,1.54,76.2,Laurel
109,1,168,r,65,1.56,76.2,Laurel
202,2,168,r,69,1.57,76.2,Laurel
301,3,56,g,61,1.64,76.2,Laurel
109,1,168,r,65,1.68,76.2,Laurel
206,2,56,g,63,1.79,76.2,Laurel
206,2,56,g,61,1.98,76.2,Laurel
204,2,56,r,63,2.25,76.2,Laurel
202,2,168,r,63,0.94,78.74,Laurel
303,3,112,r,61,1.02,78.74,Laurel
307,3,168,r,69,1.02,78.74,Laurel
209,2,168,g,67,1.05,78.74,Laurel
109,1,168,r,61,1.09,78.74,Laurel
101,1,112,r,61,1.1,78.74,Laurel
202,2,168,r,69,1.1,78.74,Laurel
307,3,168,r,65,1.11,78.74,Laurel
305,3,112,g,65,1.15,78.74,Laurel
104,1,56,r,61,1.19,78.74,Laurel
307,3,168,r,61,1.19,78.74,Laurel
101,1,112,r,65,1.19,78.74,Laurel
105,1,168,g,65,1.2,78.74,Laurel
301,3,56,g,65,1.26,78.74,Laurel
209,2,168,g,63,1.27,78.74,Laurel
101,1,112,r,61,1.29,78.74,Laurel
101,1,112,r,63,1.33,78.74,Laurel
103,1,112,g,63,1.33,78.74,Laurel
307,3,168,r,69,1.34,78.74,Laurel
206,2,56,g,61,1.35,78.74,Laurel
109,1,168,r,67,1.37,78.74,Laurel
103,1,112,g,59,1.4,78.74,Laurel
mystery,3,un,un,69,1.43,78.74,Laurel
307,3,168,r,63,1.44,78.74,Laurel
306,3,168,g,69,1.45,78.74,Cody
104,1,56,r,61,1.47,78.74,Laurel
105,1,168,g,63,1.48,78.74,Laurel
201,2,112,g,67,1.48,78.74,Laurel
109,1,168,r,63,1.5,78.74,Laurel
206,2,56,g,63,1.5,78.74,Laurel
306,3,168,g,69,1.52,78.74,Cody
105,1,168,g,65,1.56,78.74,Laurel
105,1,168,g,63,1.57,78.74,Laurel
204,2,56,r,65,1.61,78.74,Laurel
105,1,168,g,61,1.63,78.74,Laurel
308,3,56,r,61,1.63,78.74,Laurel
109,1,168,r,61,1.64,78.74,Laurel
209,2,168,g,65,1.66,78.74,Laurel
203,2,112,r,61,1.69,78.74,Laurel
209,2,168,g,63,1.73,78.74,Laurel
203,2,112,r,61,1.75,78.74,Laurel
202,2,168,r,65,1.75,78.74,Laurel
209,2,168,g,67,1.76,78.74,Laurel
306,3,168,g,68,1.77,78.74,Cody
304,3,28,r,63,1.78,78.74,Laurel
204,2,56,r,61,1.81,78.74,Laurel
105,1,168,g,63,1.89,78.74,Laurel
202,2,168,r,69,1.94,78.74,Laurel
304,3,28,r,61,2.17,78.74,Laurel
103,1,112,g,61,2.21,78.74,Laurel
202,2,168,r,65,1.18,80.01,Laurel
209,2,168,g,69,1.37,80.01,Laurel
209,2,168,g,61,1.48,80.01,Laurel
307,3,168,r,67,0.87,81.28,Laurel
307,3,168,r,69,0.94,81.28,Laurel
307,3,168,r,61,1.08,81.28,Laurel
307,3,168,r,65,1.11,81.28,Laurel
105,1,168,g,65,1.15,81.28,Laurel
307,3,168,r,65,1.16,81.28,Laurel
109,1,168,r,67,1.16,81.28,Laurel
202,2,168,r,69,1.18,81.28,Laurel
307,3,168,r,69,1.2,81.28,Laurel
202,2,168,r,63,1.25,81.28,Laurel
202,2,168,r,65,1.28,81.28,Laurel
201,2,112,g,67,1.29,81.28,Laurel
109,1,168,r,63,1.3,81.28,Laurel
201,2,112,g,69,1.3,81.28,Laurel
202,2,168,r,69,1.3,81.28,Laurel
305,3,112,g,69,1.3,81.28,Laurel
mystery,3,un,un,65,1.34,81.28,Laurel
103,1,112,g,65,1.35,81.28,Laurel
209,2,168,g,69,1.35,81.28,Laurel
103,1,112,g,63,1.38,81.28,Laurel
105,1,168,g,61,1.39,81.28,Laurel
307,3,168,r,61,1.39,81.28,Laurel
103,1,112,g,65,1.39,81.28,Laurel
105,1,168,g,65,1.42,81.28,Laurel
209,2,168,g,69,1.42,81.28,Laurel
305,3,112,g,67,1.43,81.28,Laurel
202,2,168,r,65,1.46,81.28,Laurel
303,3,112,r,61,1.48,81.28,Laurel
305,3,112,g,69,1.48,81.28,Laurel
103,1,112,g,59,1.49,81.28,Laurel
209,2,168,g,69,1.51,81.28,Laurel
307,3,168,r,69,1.52,81.28,Laurel
209,2,168,g,69,1.54,81.28,Laurel
105,1,168,g,61,1.55,81.28,Laurel
105,1,168,g,63,1.55,81.28,Laurel
202,2,168,r,65,1.56,81.28,Laurel
101,1,112,r,65,1.6,81.28,Laurel
109,1,168,r,67,1.6,81.28,Laurel
109,1,168,r,65,1.61,81.28,Laurel
202,2,168,r,67,1.64,81.28,Laurel
209,2,168,g,61,1.66,81.28,Laurel
103,1,112,g,65,1.66,81.28,Laurel
109,1,168,r,67,1.66,81.28,Laurel
201,2,112,g,69,1.67,81.28,Laurel
204,2,56,r,63,1.68,81.28,Laurel
105,1,168,g,65,1.68,81.28,Laurel
109,1,168,r,67,1.74,81.28,Laurel
202,2,168,r,67,1.74,81.28,Laurel
109,1,168,r,61,1.76,81.28,Laurel
301,3,56,g,63,1.77,81.28,Laurel
102,1,28,r,61,1.78,81.28,Laurel
301,3,56,g,61,1.78,81.28,Laurel
109,1,168,r,65,1.81,81.28,Laurel
104,1,56,r,61,1.86,81.28,Laurel
306,3,168,g,69,1.94,81.28,Cody
204,2,56,r,65,1.97,81.28,Laurel
105,1,168,g,61,2.08,81.28,Laurel
206,2,56,g,59,2.18,81.28,Laurel
203,2,112,r,61,2.18,81.28,Laurel
107,1,56,g,61,2.22,81.28,Laurel
207,2,28,r,63,2.23,81.28,Laurel
207,2,28,r,67,2.97,81.28,Laurel
306,3,168,g,69,0.95,82.55,Cody
307,3,168,r,69,0.89,83.82,Laurel
307,3,168,r,69,0.93,83.82,Laurel
307,3,168,r,69,0.93,83.82,Laurel
307,3,168,r,61,0.97,83.82,Laurel
307,3,168,r,69,0.99,83.82,Laurel
202,2,168,r,69,1.02,83.82,Laurel
307,3,168,r,63,1.08,83.82,Laurel
209,2,168,g,61,1.09,83.82,Laurel
202,2,168,r,67,1.15,83.82,Laurel
209,2,168,g,61,1.17,83.82,Laurel
109,1,168,r,65,1.19,83.82,Laurel
307,3,168,r,67,1.2,83.82,Laurel
202,2,168,r,67,1.21,83.82,Laurel
303,3,112,r,59,1.22,83.82,Laurel
209,2,168,g,65,1.22,83.82,Laurel
303,3,112,r,65,1.22,83.82,Laurel
202,2,168,r,69,1.23,83.82,Laurel
307,3,168,r,69,1.24,83.82,Laurel
202,2,168,r,67,1.25,83.82,Laurel
307,3,168,r,63,1.26,83.82,Laurel
202,2,168,r,65,1.29,83.82,Laurel
209,2,168,g,61,1.3,83.82,Laurel
302,3,28,g,63,1.32,83.82,Laurel
202,2,168,r,67,1.32,83.82,Laurel
105,1,168,g,61,1.33,83.82,Laurel
201,2,112,g,67,1.33,83.82,Laurel
307,3,168,r,69,1.33,83.82,Laurel
301,3,56,g,69,1.35,83.82,Laurel
203,2,112,r,61,1.36,83.82,Laurel
209,2,168,g,61,1.36,83.82,Laurel
209,2,168,g,65,1.36,83.82,Laurel
307,3,168,r,67,1.36,83.82,Laurel
209,2,168,g,69,1.36,83.82,Laurel
209,2,168,g,69,1.37,83.82,Laurel
301,3,56,g,61,1.38,83.82,Laurel
306,3,168,g,62,1.41,83.82,Cody
201,2,112,g,63,1.41,83.82,Laurel
101,1,112,r,63,1.42,83.82,Laurel
109,1,168,r,63,1.42,83.82,Laurel
305,3,112,g,67,1.44,83.82,Laurel
202,2,168,r,67,1.48,83.82,Laurel
105,1,168,g,63,1.49,83.82,Laurel
202,2,168,r,67,1.52,83.82,Laurel
209,2,168,g,61,1.55,83.82,Laurel
307,3,168,r,69,1.56,83.82,Laurel
306,3,168,g,69,1.58,83.82,Cody
204,2,56,r,65,1.6,83.82,Laurel
209,2,168,g,61,1.62,83.82,Laurel
103,1,112,g,65,1.65,83.82,Laurel
103,1,112,g,61,1.69,83.82,Laurel
202,2,168,r,63,1.69,83.82,Laurel
307,3,168,r,63,1.7,83.82,Laurel
203,2,112,r,63,1.75,83.82,Laurel
206,2,56,g,65,1.77,83.82,Laurel
203,2,112,r,69,1.78,83.82,Laurel
103,1,112,g,61,1.79,83.82,Laurel
209,2,168,g,61,1.79,83.82,Laurel
109,1,168,r,65,1.8,83.82,Laurel
109,1,168,r,65,1.8,83.82,Laurel
201,2,112,g,69,1.8,83.82,Laurel
307,3,168,r,65,1.82,83.82,Laurel
209,2,168,g,61,1.85,83.82,Laurel
209,2,168,g,61,1.86,83.82,Laurel
101,1,112,r,65,1.89,83.82,Laurel
109,1,168,r,63,2.01,83.82,Laurel
204,2,56,r,69,2.15,83.82,Laurel
306,3,168,g,66,2.31,83.82,Cody
306,3,168,g,67,0.91,85.09,Cody
209,2,168,g,71,2.02,85.09,Laurel
308,3,56,r,69,1.09,86.36,Laurel
209,2,168,g,59,1.12,86.36,Laurel
308,3,56,r,61,1.12,86.36,Laurel
307,3,168,r,63,1.17,86.36,Laurel
202,2,168,r,67,1.17,86.36,Laurel
109,1,168,r,61,1.22,86.36,Laurel
307,3,168,r,65,1.26,86.36,Laurel
307,3,168,r,65,1.3,86.36,Laurel
305,3,112,g,69,1.32,86.36,Laurel
202,2,168,r,63,1.33,86.36,Laurel
102,1,28,r,67,1.33,86.36,Laurel
301,3,56,g,69,1.33,86.36,Laurel
103,1,112,g,67,1.34,86.36,Laurel
202,2,168,r,69,1.35,86.36,Laurel
201,2,112,g,69,1.36,86.36,Laurel
307,3,168,r,67,1.38,86.36,Laurel
202,2,168,r,69,1.38,86.36,Laurel
201,2,112,g,65,1.39,86.36,Laurel
202,2,168,r,67,1.4,86.36,Laurel
202,2,168,r,67,1.4,86.36,Laurel
109,1,168,r,65,1.42,86.36,Laurel
307,3,168,r,65,1.44,86.36,Laurel
307,3,168,r,69,1.44,86.36,Laurel
209,2,168,g,69,1.45,86.36,Laurel
105,1,168,g,63,1.47,86.36,Laurel
101,1,112,r,65,1.48,86.36,Laurel
305,3,112,g,69,1.48,86.36,Laurel
308,3,56,r,63,1.49,86.36,Laurel
202,2,168,r,67,1.49,86.36,Laurel
301,3,56,g,65,1.5,86.36,Laurel
109,1,168,r,63,1.52,86.36,Laurel
105,1,168,g,63,1.55,86.36,Laurel
202,2,168,r,69,1.55,86.36,Laurel
303,3,112,r,65,1.59,86.36,Laurel
204,2,56,r,69,1.59,86.36,Laurel
308,3,56,r,61,1.6,86.36,Laurel
202,2,168,r,69,1.6,86.36,Laurel
107,1,56,g,61,1.62,86.36,Laurel
201,2,112,g,69,1.62,86.36,Laurel
202,2,168,r,69,1.62,86.36,Laurel
307,3,168,r,61,1.63,86.36,Laurel
202,2,168,r,69,1.63,86.36,Laurel
105,1,168,g,67,1.64,86.36,Laurel
107,1,56,g,67,1.64,86.36,Laurel
105,1,168,g,61,1.65,86.36,Laurel
307,3,168,r,69,1.65,86.36,Laurel
306,3,168,g,67,1.66,86.36,Cody
102,1,28,r,61,1.67,86.36,Laurel
307,3,168,r,63,1.69,86.36,Laurel
103,1,112,g,69,1.69,86.36,Laurel
109,1,168,r,69,1.69,86.36,Laurel
209,2,168,g,69,1.71,86.36,Laurel
105,1,168,g,65,1.72,86.36,Laurel
109,1,168,r,65,1.72,86.36,Laurel
209,2,168,g,61,1.73,86.36,Laurel
307,3,168,r,61,1.73,86.36,Laurel
307,3,168,r,63,1.75,86.36,Laurel
203,2,112,r,59,1.76,86.36,Laurel
301,3,56,g,67,1.76,86.36,Laurel
303,3,112,r,63,1.77,86.36,Laurel
301,3,56,g,63,1.81,86.36,Laurel
105,1,168,g,65,1.81,86.36,Laurel
209,2,168,g,61,1.82,86.36,Laurel
209,2,168,g,65,1.82,86.36,Laurel
302,3,28,g,61,1.83,86.36,Laurel
209,2,168,g,61,1.84,86.36,Laurel
306,3,168,g,69,1.84,86.36,Cody
206,2,56,g,61,1.85,86.36,Laurel
301,3,56,g,65,1.94,86.36,Laurel
206,2,56,g,61,2,86.36,Laurel
305,3,112,g,69,2.05,86.36,Laurel
306,3,168,g,69,2.06,86.36,Cody
209,2,168,g,65,2.08,86.36,Laurel
209,2,168,g,69,2.09,86.36,Laurel
207,2,28,r,65,2.24,86.36,Laurel
302,3,28,g,59,2.66,86.36,Laurel
204,2,56,r,65,1.59,87.63,Laurel
306,3,168,g,69,2.43,87.63,Cody
307,3,168,r,69,0.73,88.9,Laurel
305,3,112,g,69,1,88.9,Laurel
307,3,168,r,69,1.01,88.9,Laurel
mystery,3,un,un,69,1.11,88.9,Laurel
307,3,168,r,65,1.12,88.9,Laurel
307,3,168,r,63,1.19,88.9,Laurel
305,3,112,g,69,1.23,88.9,Laurel
202,2,168,r,63,1.25,88.9,Laurel
307,3,168,r,67,1.28,88.9,Laurel
101,1,112,r,61,1.3,88.9,Laurel
201,2,112,g,69,1.3,88.9,Laurel
308,3,56,r,69,1.3,88.9,Laurel
307,3,168,r,67,1.36,88.9,Laurel
307,3,168,r,63,1.37,88.9,Laurel
303,3,112,r,61,1.41,88.9,Laurel
209,2,168,g,65,1.42,88.9,Laurel
209,2,168,g,67,1.42,88.9,Laurel
307,3,168,r,59,1.51,88.9,Laurel
103,1,112,g,61,1.52,88.9,Laurel
209,2,168,g,69,1.52,88.9,Laurel
307,3,168,r,69,1.57,88.9,Laurel
201,2,112,g,65,1.58,88.9,Laurel
204,2,56,r,69,1.59,88.9,Laurel
103,1,112,g,61,1.6,88.9,Laurel
307,3,168,r,67,1.61,88.9,Laurel
mystery,3,un,un,69,1.61,88.9,Laurel
303,3,112,r,63,1.65,88.9,Laurel
307,3,168,r,63,1.65,88.9,Laurel
202,2,168,r,69,1.66,88.9,Laurel
209,2,168,g,61,1.69,88.9,Laurel
209,2,168,g,61,1.7,88.9,Laurel
202,2,168,r,67,1.71,88.9,Laurel
203,2,112,r,61,1.72,88.9,Laurel
203,2,112,r,63,1.72,88.9,Laurel
103,1,112,g,63,1.77,88.9,Laurel
209,2,168,g,69,1.78,88.9,Laurel
209,2,168,g,69,1.79,88.9,Laurel
109,1,168,r,65,1.81,88.9,Laurel
303,3,112,r,65,1.83,88.9,Laurel
107,1,56,g,61,1.84,88.9,Laurel
308,3,56,r,61,1.85,88.9,Laurel
103,1,112,g,67,1.87,88.9,Laurel
203,2,112,r,65,1.89,88.9,Laurel
203,2,112,r,69,1.91,88.9,Laurel
105,1,168,g,61,1.92,88.9,Laurel
109,1,168,r,67,1.92,88.9,Laurel
109,1,168,r,65,1.93,88.9,Laurel
209,2,168,g,61,1.96,88.9,Laurel
109,1,168,r,65,1.96,88.9,Laurel
301,3,56,g,61,1.99,88.9,Laurel
209,2,168,g,61,2.06,88.9,Laurel
209,2,168,g,67,2.18,88.9,Laurel
303,3,112,r,63,2.19,88.9,Laurel
103,1,112,g,61,2.22,88.9,Laurel
206,2,56,g,63,2.29,88.9,Laurel
204,2,56,r,63,2.3,88.9,Laurel
306,3,168,g,62,1.69,90.17,Cody
109,1,168,r,65,0.29,91.44,Laurel
109,1,168,r,67,1.01,91.44,Laurel
202,2,168,r,69,1.02,91.44,Laurel
307,3,168,r,65,1.17,91.44,Laurel
307,3,168,r,67,1.23,91.44,Laurel
202,2,168,r,69,1.23,91.44,Laurel
307,3,168,r,65,1.25,91.44,Laurel
306,3,168,g,63,1.32,91.44,Cody
103,1,112,g,61,1.35,91.44,Laurel
202,2,168,r,69,1.35,91.44,Laurel
307,3,168,r,69,1.37,91.44,Laurel
307,3,168,r,65,1.39,91.44,Laurel
307,3,168,r,65,1.4,91.44,Laurel
204,2,56,r,65,1.43,91.44,Laurel
202,2,168,r,67,1.46,91.44,Laurel
202,2,168,r,65,1.47,91.44,Laurel
303,3,112,r,65,1.47,91.44,Laurel
301,3,56,g,67,1.48,91.44,Laurel
202,2,168,r,69,1.48,91.44,Laurel
303,3,112,r,63,1.49,91.44,Laurel
306,3,168,g,67,1.52,91.44,Cody
303,3,112,r,61,1.53,91.44,Laurel
mystery,3,un,un,67,1.54,91.44,Laurel
307,3,168,r,69,1.54,91.44,Laurel
202,2,168,r,69,1.55,91.44,Laurel
305,3,112,g,69,1.57,91.44,Laurel
307,3,168,r,63,1.58,91.44,Laurel
209,2,168,g,69,1.59,91.44,Laurel
109,1,168,r,69,1.63,91.44,Laurel
201,2,112,g,71,1.64,91.44,Laurel
308,3,56,r,69,1.66,91.44,Laurel
302,3,28,g,61,1.68,91.44,Laurel
307,3,168,r,65,1.68,91.44,Laurel
105,1,168,g,65,1.69,91.44,Laurel
109,1,168,r,65,1.69,91.44,Laurel
203,2,112,r,63,1.71,91.44,Laurel
103,1,112,g,67,1.73,91.44,Laurel
109,1,168,r,65,1.76,91.44,Laurel
209,2,168,g,69,1.8,91.44,Laurel
209,2,168,g,67,1.81,91.44,Laurel
303,3,112,r,63,1.83,91.44,Laurel
306,3,168,g,63,1.83,91.44,Cody
209,2,168,g,65,1.83,91.44,Laurel
105,1,168,g,61,1.86,91.44,Laurel
209,2,168,g,61,1.86,91.44,Laurel
103,1,112,g,61,1.9,91.44,Laurel
103,1,112,g,63,1.9,91.44,Laurel
103,1,112,g,61,1.92,91.44,Laurel
209,2,168,g,69,2,91.44,Laurel
209,2,168,g,69,2.01,91.44,Laurel
209,2,168,g,61,2.03,91.44,Laurel
201,2,112,g,69,2.04,91.44,Laurel
104,1,56,r,63,2.06,91.44,Laurel
204,2,56,r,65,2.08,91.44,Laurel
101,1,112,r,61,2.16,91.44,Laurel
102,1,28,r,63,2.16,91.44,Laurel
204,2,56,r,69,2.21,91.44,Laurel
109,1,168,r,63,2.24,91.44,Laurel
206,2,56,g,61,2.34,91.44,Laurel
206,2,56,g,61,2.58,91.44,Laurel
108,1,28,g,61,2.82,91.44,Laurel
208,2,28,g,59,2.87,91.44,Laurel
207,2,28,r,63,2.89,91.44,Laurel
202,2,168,r,65,1.59,92.71,Laurel
202,2,168,r,69,1.71,92.71,Laurel
204,2,56,r,61,1.16,93.98,Laurel
307,3,168,r,65,1.2,93.98,Laurel
305,3,112,g,69,1.2,93.98,Laurel
307,3,168,r,67,1.23,93.98,Laurel
209,2,168,g,69,1.28,93.98,Laurel
307,3,168,r,69,1.3,93.98,Laurel
307,3,168,r,69,1.33,93.98,Laurel
307,3,168,r,69,1.36,93.98,Laurel
307,3,168,r,69,1.38,93.98,Laurel
209,2,168,g,69,1.4,93.98,Laurel
307,3,168,r,69,1.43,93.98,Laurel
308,3,56,r,63,1.48,93.98,Laurel
201,2,112,g,69,1.48,93.98,Laurel
203,2,112,r,61,1.52,93.98,Laurel
202,2,168,r,69,1.52,93.98,Laurel
209,2,168,g,69,1.56,93.98,Laurel
201,2,112,g,69,1.6,93.98,Laurel
202,2,168,r,69,1.61,93.98,Laurel
306,3,168,g,69,1.63,93.98,Cody
306,3,168,g,69,1.65,93.98,Cody
303,3,112,r,69,1.68,93.98,Laurel
201,2,112,g,65,1.7,93.98,Laurel
307,3,168,r,69,1.7,93.98,Laurel
303,3,112,r,63,1.71,93.98,Laurel
103,1,112,g,65,1.71,93.98,Laurel
202,2,168,r,65,1.71,93.98,Laurel
303,3,112,r,69,1.71,93.98,Laurel
209,2,168,g,69,1.72,93.98,Laurel
308,3,56,r,61,1.74,93.98,Laurel
209,2,168,g,69,1.75,93.98,Laurel
206,2,56,g,61,1.77,93.98,Laurel
303,3,112,r,65,1.8,93.98,Laurel
202,2,168,r,69,1.8,93.98,Laurel
103,1,112,g,61,1.81,93.98,Laurel
109,1,168,r,67,1.81,93.98,Laurel
302,3,28,g,61,1.82,93.98,Laurel
303,3,112,r,63,1.82,93.98,Laurel
202,2,168,r,69,1.85,93.98,Laurel
209,2,168,g,65,1.86,93.98,Laurel
209,2,168,g,69,1.86,93.98,Laurel
201,2,112,g,61,1.87,93.98,Laurel
202,2,168,r,59,1.88,93.98,Laurel
307,3,168,r,67,1.88,93.98,Laurel
303,3,112,r,69,1.88,93.98,Laurel
202,2,168,r,69,1.9,93.98,Laurel
202,2,168,r,69,1.9,93.98,Laurel
209,2,168,g,69,1.91,93.98,Laurel
109,1,168,r,63,1.93,93.98,Laurel
301,3,56,g,63,1.93,93.98,Laurel
201,2,112,g,69,1.96,93.98,Laurel
105,1,168,g,61,2.01,93.98,Laurel
203,2,112,r,61,2.01,93.98,Laurel
209,2,168,g,69,2.04,93.98,Laurel
207,2,28,r,67,2.05,93.98,Laurel
201,2,112,g,69,2.06,93.98,Laurel
209,2,168,g,69,2.08,93.98,Laurel
109,1,168,r,61,2.09,93.98,Laurel
209,2,168,g,69,2.09,93.98,Laurel
207,2,28,r,63,2.13,93.98,Laurel
304,3,28,r,59,2.19,93.98,Laurel
206,2,56,g,61,2.19,93.98,Laurel
101,1,112,r,61,2.22,93.98,Laurel
103,1,112,g,67,2.22,93.98,Laurel
204,2,56,r,65,2.25,93.98,Laurel
209,2,168,g,69,2.27,93.98,Laurel
202,2,168,r,65,2.34,93.98,Laurel
103,1,112,g,67,2.37,93.98,Laurel
206,2,56,g,61,2.4,93.98,Laurel
105,1,168,g,63,2.4,93.98,Laurel
207,2,28,r,65,2.49,93.98,Laurel
208,2,28,g,65,2.56,93.98,Laurel
304,3,28,r,61,2.8,93.98,Laurel
301,3,56,g,67,2.93,93.98,Laurel
104,1,56,r,61,3.46,93.98,Laurel
201,2,112,g,67,1.67,95.25,Laurel
209,2,168,g,65,1.8,95.25,Laurel
103,1,112,g,67,2.35,95.25,Laurel
101,1,112,r,61,1.25,96.52,Laurel
305,3,112,g,69,1.29,96.52,Laurel
204,2,56,r,69,1.34,96.52,Laurel
303,3,112,r,63,1.37,96.52,Laurel
307,3,168,r,69,1.44,96.52,Laurel
202,2,168,r,65,1.45,96.52,Laurel
202,2,168,r,67,1.51,96.52,Laurel
209,2,168,g,69,1.54,96.52,Laurel
307,3,168,r,69,1.6,96.52,Laurel
307,3,168,r,69,1.66,96.52,Laurel
201,2,112,g,67,1.67,96.52,Laurel
204,2,56,r,69,1.69,96.52,Laurel
101,1,112,r,69,1.72,96.52,Laurel
109,1,168,r,63,1.73,96.52,Laurel
301,3,56,g,63,1.74,96.52,Laurel
101,1,112,r,69,1.76,96.52,Laurel
308,3,56,r,69,1.79,96.52,Laurel
303,3,112,r,67,1.81,96.52,Laurel
209,2,168,g,69,1.81,96.52,Laurel
301,3,56,g,69,1.83,96.52,Laurel
307,3,168,r,67,1.84,96.52,Laurel
202,2,168,r,65,1.86,96.52,Laurel
207,2,28,r,61,1.9,96.52,Laurel
306,3,168,g,69,1.9,96.52,Cody
204,2,56,r,65,1.93,96.52,Laurel
303,3,112,r,67,1.93,96.52,Laurel
203,2,112,r,67,1.94,96.52,Laurel
303,3,112,r,67,1.96,96.52,Laurel
108,1,28,g,61,1.98,96.52,Laurel
102,1,28,r,65,1.98,96.52,Laurel
305,3,112,g,69,1.99,96.52,Laurel
202,2,168,r,65,2.06,96.52,Laurel
204,2,56,r,65,2.07,96.52,Laurel
109,1,168,r,67,2.08,96.52,Laurel
303,3,112,r,69,2.08,96.52,Laurel
101,1,112,r,61,2.09,96.52,Laurel
203,2,112,r,61,2.11,96.52,Laurel
204,2,56,r,63,2.13,96.52,Laurel
109,1,168,r,63,2.18,96.52,Laurel
306,3,168,g,68,2.18,96.52,Cody
206,2,56,g,61,2.19,96.52,Laurel
306,3,168,g,68,2.19,96.52,Cody
103,1,112,g,61,2.2,96.52,Laurel
204,2,56,r,67,2.22,96.52,Laurel
203,2,112,r,61,2.23,96.52,Laurel
301,3,56,g,65,2.27,96.52,Laurel
209,2,168,g,61,2.31,96.52,Laurel
103,1,112,g,61,2.32,96.52,Laurel
101,1,112,r,61,2.34,96.52,Laurel
202,2,168,r,67,2.34,96.52,Laurel
109,1,168,r,61,2.42,96.52,Laurel
103,1,112,g,63,2.42,96.52,Laurel
103,1,112,g,69,2.42,96.52,Laurel
308,3,56,r,61,2.47,96.52,Laurel
204,2,56,r,67,2.48,96.52,Laurel
104,1,56,r,61,2.54,96.52,Laurel
207,2,28,r,65,2.74,96.52,Laurel
208,2,28,g,63,2.77,96.52,Laurel
101,1,112,r,69,1.99,97.79,Laurel
mystery,3,un,un,69,0.97,99.06,Laurel
307,3,168,r,69,1.24,99.06,Laurel
307,3,168,r,65,1.36,99.06,Laurel
307,3,168,r,69,1.4,99.06,Laurel
201,2,112,g,71,1.44,99.06,Laurel
mystery,3,un,un,67,1.5,99.06,Laurel
307,3,168,r,69,1.51,99.06,Laurel
206,2,56,g,61,1.52,99.06,Laurel
308,3,56,r,67,1.55,99.06,Laurel
202,2,168,r,69,1.58,99.06,Laurel
307,3,168,r,67,1.59,99.06,Laurel
101,1,112,r,71,1.59,99.06,Laurel
103,1,112,g,61,1.62,99.06,Laurel
201,2,112,g,69,1.64,99.06,Laurel
307,3,168,r,67,1.65,99.06,Laurel
101,1,112,r,69,1.65,99.06,Laurel
305,3,112,g,69,1.67,99.06,Laurel
209,2,168,g,69,1.69,99.06,Laurel
307,3,168,r,63,1.7,99.06,Laurel
303,3,112,r,67,1.72,99.06,Laurel
307,3,168,r,69,1.72,99.06,Laurel
307,3,168,r,67,1.73,99.06,Laurel
307,3,168,r,67,1.73,99.06,Laurel
209,2,168,g,69,1.74,99.06,Laurel
101,1,112,r,65,1.75,99.06,Laurel
mystery,3,un,un,67,1.77,99.06,Laurel
307,3,168,r,69,1.77,99.06,Laurel
mystery,3,un,un,69,1.85,99.06,Laurel
109,1,168,r,69,1.88,99.06,Laurel
101,1,112,r,67,1.9,99.06,Laurel
202,2,168,r,67,1.9,99.06,Laurel
209,2,168,g,67,1.9,99.06,Laurel
103,1,112,g,61,1.99,99.06,Laurel
101,1,112,r,65,1.99,99.06,Laurel
203,2,112,r,61,2.01,99.06,Laurel
303,3,112,r,61,2.03,99.06,Laurel
204,2,56,r,67,2.03,99.06,Laurel
103,1,112,g,63,2.04,99.06,Laurel
202,2,168,r,71,2.05,99.06,Laurel
105,1,168,g,61,2.07,99.06,Laurel
202,2,168,r,65,2.07,99.06,Laurel
305,3,112,g,71,2.07,99.06,Laurel
103,1,112,g,61,2.1,99.06,Laurel
101,1,112,r,71,2.17,99.06,Laurel
304,3,28,r,61,2.18,99.06,Laurel
101,1,112,r,61,2.19,99.06,Laurel
208,2,28,g,61,2.19,99.06,Laurel
201,2,112,g,61,2.23,99.06,Laurel
101,1,112,r,61,2.28,99.06,Laurel
203,2,112,r,67,2.31,99.06,Laurel
203,2,112,r,69,2.35,99.06,Laurel
302,3,28,g,61,2.41,99.06,Laurel
204,2,56,r,63,2.41,99.06,Laurel
308,3,56,r,67,2.41,99.06,Laurel
209,2,168,g,69,2.44,99.06,Laurel
209,2,168,g,69,2.49,99.06,Laurel
107,1,56,g,61,2.51,99.06,Laurel
102,1,28,r,61,2.57,99.06,Laurel
302,3,28,g,61,2.63,99.06,Laurel
306,3,168,g,61,2.63,99.06,Cody
301,3,56,g,69,2.73,99.06,Laurel
304,3,28,r,61,2.83,99.06,Laurel
203,2,112,r,63,2.12,100.33,Laurel
307,3,168,r,65,1.42,101.6,Laurel
202,2,168,r,69,1.43,101.6,Laurel
303,3,112,r,61,1.48,101.6,Laurel
307,3,168,r,65,1.53,101.6,Laurel
307,3,168,r,67,1.55,101.6,Laurel
307,3,168,r,69,1.56,101.6,Laurel
103,1,112,g,65,1.63,101.6,Laurel
209,2,168,g,69,1.64,101.6,Laurel
301,3,56,g,69,1.68,101.6,Laurel
305,3,112,g,67,1.7,101.6,Laurel
104,1,56,r,65,1.71,101.6,Laurel
305,3,112,g,69,1.71,101.6,Laurel
305,3,112,g,69,1.79,101.6,Laurel
306,3,168,g,68,1.81,101.6,Cody
307,3,168,r,69,1.81,101.6,Laurel
202,2,168,r,69,1.83,101.6,Laurel
201,2,112,g,67,1.87,101.6,Laurel
203,2,112,r,65,1.88,101.6,Laurel
mystery,3,un,un,67,1.88,101.6,Laurel
209,2,168,g,69,1.89,101.6,Laurel
209,2,168,g,67,1.94,101.6,Laurel
103,1,112,g,61,1.99,101.6,Laurel
mystery,3,un,un,69,2.019,101.6,Laurel
202,2,168,r,67,2.04,101.6,Laurel
mystery,3,un,un,69,2.04,101.6,Laurel
209,2,168,g,61,2.05,101.6,Laurel
305,3,112,g,67,2.06,101.6,Laurel
105,1,168,g,61,2.08,101.6,Laurel
306,3,168,g,67,2.11,101.6,Cody
103,1,112,g,65,2.12,101.6,Laurel
103,1,112,g,69,2.12,101.6,Laurel
201,2,112,g,69,2.15,101.6,Laurel
308,3,56,r,61,2.17,101.6,Laurel
107,1,56,g,67,2.18,101.6,Laurel
102,1,28,r,61,2.22,101.6,Laurel
303,3,112,r,65,2.24,101.6,Laurel
301,3,56,g,65,2.25,101.6,Laurel
203,2,112,r,63,2.27,101.6,Laurel
202,2,168,r,69,2.29,101.6,Laurel
109,1,168,r,69,2.32,101.6,Laurel
203,2,112,r,67,2.33,101.6,Laurel
108,1,28,g,61,2.35,101.6,Laurel
306,3,168,g,69,2.35,101.6,Cody
209,2,168,g,69,2.36,101.6,Laurel
208,2,28,g,61,2.41,101.6,Laurel
206,2,56,g,65,2.45,101.6,Laurel
204,2,56,r,67,2.45,101.6,Laurel
203,2,112,r,61,2.56,101.6,Laurel
209,2,168,g,67,2.58,101.6,Laurel
208,2,28,g,61,2.64,101.6,Laurel
105,1,168,g,63,2.67,101.6,Laurel
302,3,28,g,65,2.69,101.6,Laurel
206,2,56,g,61,2.76,101.6,Laurel
304,3,28,r,61,2.82,101.6,Laurel
101,1,112,r,61,2.86,101.6,Laurel
103,1,112,g,61,2.9,101.6,Laurel
204,2,56,r,69,2.92,101.6,Laurel
101,1,112,r,61,3.13,101.6,Laurel
104,1,56,r,63,3.18,101.6,Laurel
209,2,168,g,69,3.07,102.87,Laurel
307,3,168,r,67,1,104.14,Laurel
mystery,3,un,un,69,1.21,104.14,Laurel
303,3,112,r,67,1.56,104.14,Laurel
307,3,168,r,69,1.61,104.14,Laurel
101,1,112,r,69,1.73,104.14,Laurel
201,2,112,g,69,1.73,104.14,Laurel
202,2,168,r,65,1.74,104.14,Laurel
303,3,112,r,65,1.78,104.14,Laurel
209,2,168,g,69,1.79,104.14,Laurel
201,2,112,g,67,1.81,104.14,Laurel
307,3,168,r,69,1.87,104.14,Laurel
206,2,56,g,69,1.9,104.14,Laurel
305,3,112,g,69,1.9,104.14,Laurel
305,3,112,g,69,1.9,104.14,Laurel
202,2,168,r,67,1.93,104.14,Laurel
101,1,112,r,69,1.93,104.14,Laurel
202,2,168,r,69,1.94,104.14,Laurel
202,2,168,r,67,1.95,104.14,Laurel
104,1,56,r,65,1.97,104.14,Laurel
203,2,112,r,65,1.98,104.14,Laurel
307,3,168,r,69,2.02,104.14,Laurel
203,2,112,r,61,2.05,104.14,Laurel
209,2,168,g,65,2.07,104.14,Laurel
203,2,112,r,63,2.1,104.14,Laurel
303,3,112,r,61,2.12,104.14,Laurel
209,2,168,g,61,2.13,104.14,Laurel
104,1,56,r,59,2.14,104.14,Laurel
308,3,56,r,63,2.15,104.14,Laurel
103,1,112,g,63,2.24,104.14,Laurel
202,2,168,r,69,2.26,104.14,Laurel
101,1,112,r,65,2.29,104.14,Laurel
308,3,56,r,63,2.31,104.14,Laurel
202,2,168,r,69,2.31,104.14,Laurel
203,2,112,r,65,2.32,104.14,Laurel
207,2,28,r,65,2.33,104.14,Laurel
103,1,112,g,67,2.36,104.14,Laurel
202,2,168,r,65,2.37,104.14,Laurel
203,2,112,r,65,2.41,104.14,Laurel
102,1,28,r,65,2.44,104.14,Laurel
102,1,28,r,59,2.46,104.14,Laurel
204,2,56,r,65,2.5,104.14,Laurel
101,1,112,r,65,2.51,104.14,Laurel
305,3,112,g,69,2.55,104.14,Laurel
207,2,28,r,61,2.86,104.14,Laurel
104,1,56,r,67,3,104.14,Laurel
207,2,28,r,63,3.03,104.14,Laurel
207,2,28,r,63,3.04,104.14,Laurel
208,2,28,g,61,3.42,104.14,Laurel
306,3,168,g,68,2.36,105.41,Cody
306,3,168,g,61,2.42,105.41,Cody
306,3,168,g,62,2.8,105.41,Cody
306,3,168,g,62,2.99,105.41,Cody
mystery,3,un,un,67,1.52,106.68,Laurel
303,3,112,r,65,1.73,106.68,Laurel
301,3,56,g,69,1.73,106.68,Laurel
307,3,168,r,67,1.76,106.68,Laurel
303,3,112,r,63,1.78,106.68,Laurel
308,3,56,r,63,1.79,106.68,Laurel
307,3,168,r,69,1.86,106.68,Laurel
303,3,112,r,69,1.94,106.68,Laurel
201,2,112,g,67,1.97,106.68,Laurel
108,1,28,g,65,2.01,106.68,Laurel
104,1,56,r,61,2.05,106.68,Laurel
303,3,112,r,61,2.1,106.68,Laurel
307,3,168,r,67,2.11,106.68,Laurel
103,1,112,g,61,2.14,106.68,Laurel
307,3,168,r,69,2.14,106.68,Laurel
305,3,112,g,69,2.15,106.68,Laurel
305,3,112,g,69,2.22,106.68,Laurel
201,2,112,g,71,2.36,106.68,Laurel
303,3,112,r,63,2.378,106.68,Laurel
201,2,112,g,65,2.39,106.68,Laurel
103,1,112,g,61,2.4,106.68,Laurel
204,2,56,r,69,2.41,106.68,Laurel
308,3,56,r,69,2.43,106.68,Laurel
207,2,28,r,65,2.45,106.68,Laurel
107,1,56,g,63,2.48,106.68,Laurel
209,2,168,g,67,2.49,106.68,Laurel
203,2,112,r,61,2.54,106.68,Laurel
103,1,112,g,63,2.6,106.68,Laurel
103,1,112,g,61,2.62,106.68,Laurel
209,2,168,g,61,2.67,106.68,Laurel
103,1,112,g,61,2.69,106.68,Laurel
208,2,28,g,65,2.71,106.68,Laurel
208,2,28,g,63,2.78,106.68,Laurel
308,3,56,r,69,2.83,106.68,Laurel
204,2,56,r,69,2.85,106.68,Laurel
204,2,56,r,61,2.92,106.68,Laurel
208,2,28,g,63,3.04,106.68,Laurel
208,2,28,g,61,3.82,106.68,Laurel
101,1,112,r,65,2.39,107.95,Laurel
306,3,168,g,67,2.6,107.95,Cody
mystery,3,un,un,69,1.74,109.22,Laurel
mystery,3,un,un,67,1.9,109.22,Laurel
307,3,168,r,69,1.93,109.22,Laurel
308,3,56,r,67,1.95,109.22,Laurel
303,3,112,r,69,1.96,109.22,Laurel
307,3,168,r,63,2.01,109.22,Laurel
mystery,3,un,un,69,2.03,109.22,Laurel
302,3,28,g,65,2.04,109.22,Laurel
209,2,168,g,67,2.05,109.22,Laurel
303,3,112,r,67,2.08,109.22,Laurel
305,3,112,g,67,2.08,109.22,Laurel
306,3,168,g,69,2.1,109.22,Cody
202,2,168,r,67,2.15,109.22,Laurel
303,3,112,r,69,2.15,109.22,Laurel
mystery,3,un,un,67,2.16,109.22,Laurel
101,1,112,r,61,2.17,109.22,Laurel
202,2,168,r,65,2.24,109.22,Laurel
301,3,56,g,65,2.25,109.22,Laurel
301,3,56,g,67,2.28,109.22,Laurel
301,3,56,g,67,2.29,109.22,Laurel
209,2,168,g,67,2.31,109.22,Laurel
307,3,168,r,69,2.34,109.22,Laurel
103,1,112,g,65,2.35,109.22,Laurel
208,2,28,g,63,2.36,109.22,Laurel
307,3,168,r,67,2.42,109.22,Laurel
305,3,112,g,67,2.46,109.22,Laurel
209,2,168,g,69,2.46,109.22,Laurel
104,1,56,r,65,2.48,109.22,Laurel
306,3,168,g,69,2.48,109.22,Cody
104,1,56,r,65,2.5,109.22,Laurel
301,3,56,g,63,2.54,109.22,Laurel
208,2,28,g,63,2.58,109.22,Laurel
304,3,28,r,67,2.65,109.22,Laurel
204,2,56,r,67,2.66,109.22,Laurel
301,3,56,g,63,2.82,109.22,Laurel
101,1,112,r,61,2.84,109.22,Laurel
304,3,28,r,61,2.85,109.22,Laurel
207,2,28,r,61,2.98,109.22,Laurel
208,2,28,g,65,3,109.22,Laurel
208,2,28,g,61,3.05,109.22,Laurel
304,3,28,r,65,3.12,109.22,Laurel
103,1,112,g,69,2.45,110.49,Laurel
305,3,112,g,67,1.54,111.76,Laurel
101,1,112,r,65,1.76,111.76,Laurel
104,1,56,r,61,1.81,111.76,Laurel
303,3,112,r,69,1.96,111.76,Laurel
201,2,112,g,67,1.97,111.76,Laurel
101,1,112,r,69,2,111.76,Laurel
301,3,56,g,67,2.02,111.76,Laurel
201,2,112,g,71,2.03,111.76,Laurel
mystery,3,un,un,61,2.07,111.76,Laurel
207,2,28,r,63,2.19,111.76,Laurel
101,1,112,r,61,2.31,111.76,Laurel
307,3,168,r,69,2.32,111.76,Laurel
304,3,28,r,67,2.37,111.76,Laurel
mystery,3,un,un,69,2.39,111.76,Laurel
102,1,28,r,61,2.4,111.76,Laurel
101,1,112,r,67,2.42,111.76,Laurel
308,3,56,r,69,2.42,111.76,Laurel
102,1,28,r,63,2.43,111.76,Laurel
204,2,56,r,69,2.46,111.76,Laurel
308,3,56,r,65,2.53,111.76,Laurel
103,1,112,g,63,2.54,111.76,Laurel
305,3,112,g,69,2.54,111.76,Laurel
mystery,3,un,un,69,2.54,111.76,Laurel
208,2,28,g,61,2.55,111.76,Laurel
103,1,112,g,65,2.57,111.76,Laurel
203,2,112,r,67,2.58,111.76,Laurel
202,2,168,r,69,2.59,111.76,Laurel
301,3,56,g,67,2.65,111.76,Laurel
101,1,112,r,65,2.67,111.76,Laurel
301,3,56,g,69,2.71,111.76,Laurel
203,2,112,r,69,2.72,111.76,Laurel
207,2,28,r,63,2.75,111.76,Laurel
308,3,56,r,67,2.76,111.76,Laurel
204,2,56,r,69,2.81,111.76,Laurel
207,2,28,r,67,2.82,111.76,Laurel
303,3,112,r,59,2.89,111.76,Laurel
302,3,28,g,63,2.91,111.76,Laurel
208,2,28,g,63,2.94,111.76,Laurel
207,2,28,r,61,2.98,111.76,Laurel
207,2,28,r,67,3.09,111.76,Laurel
302,3,28,g,67,3.34,111.76,Laurel
206,2,56,g,67,3.56,111.76,Laurel
206,2,56,g,63,3.59,111.76,Laurel
209,2,168,g,63,2.25,113.03,Laurel
mystery,3,un,un,69,1.63,114.3,Laurel
301,3,56,g,69,1.94,114.3,Laurel
303,3,112,r,65,1.97,114.3,Laurel
101,1,112,r,69,2.01,114.3,Laurel
306,3,168,g,67,2.07,114.3,Cody
201,2,112,g,69,2.21,114.3,Laurel
308,3,56,r,65,2.28,114.3,Laurel
304,3,28,r,69,2.29,114.3,Laurel
103,1,112,g,61,2.37,114.3,Laurel
104,1,56,r,61,2.38,114.3,Laurel
101,1,112,r,65,2.43,114.3,Laurel
209,2,168,g,69,2.43,114.3,Laurel
mystery,3,un,un,67,2.47,114.3,Laurel
303,3,112,r,67,2.49,114.3,Laurel
305,3,112,g,69,2.49,114.3,Laurel
108,1,28,g,65,2.56,114.3,Laurel
103,1,112,g,63,2.58,114.3,Laurel
107,1,56,g,67,2.59,114.3,Laurel
308,3,56,r,67,2.65,114.3,Laurel
303,3,112,r,67,2.66,114.3,Laurel
306,3,168,g,69,2.71,114.3,Cody
101,1,112,r,71,2.72,114.3,Laurel
304,3,28,r,61,2.73,114.3,Laurel
304,3,28,r,63,2.77,114.3,Laurel
101,1,112,r,65,2.78,114.3,Laurel
308,3,56,r,67,2.81,114.3,Laurel
202,2,168,r,71,2.93,114.3,Laurel
102,1,28,r,61,2.95,114.3,Laurel
102,1,28,r,65,3.03,114.3,Laurel
302,3,28,g,61,3.04,114.3,Laurel
102,1,28,r,61,3.08,114.3,Laurel
302,3,28,g,65,3.08,114.3,Laurel
104,1,56,r,61,3.09,114.3,Laurel
206,2,56,g,63,3.19,114.3,Laurel
108,1,28,g,69,3.27,114.3,Laurel
101,1,112,r,69,2.73,115.57,Laurel
103,1,112,g,67,1.36,116.84,Laurel
308,3,56,r,65,2.09,116.84,Laurel
101,1,112,r,67,2.1,116.84,Laurel
mystery,3,un,un,69,2.11,116.84,Laurel
307,3,168,r,67,2.22,116.84,Laurel
308,3,56,r,63,2.29,116.84,Laurel
mystery,3,un,un,69,2.29,116.84,Laurel
308,3,56,r,67,2.41,116.84,Laurel
307,3,168,r,65,2.45,116.84,Laurel
303,3,112,r,65,2.46,116.84,Laurel
101,1,112,r,69,2.46,116.84,Laurel
107,1,56,g,65,2.58,116.84,Laurel
303,3,112,r,67,2.58,116.84,Laurel
101,1,112,r,65,2.59,116.84,Laurel
303,3,112,r,67,2.59,116.84,Laurel
303,3,112,r,67,2.6,116.84,Laurel
302,3,28,g,61,2.64,116.84,Laurel
308,3,56,r,67,2.64,116.84,Laurel
302,3,28,g,67,2.66,116.84,Laurel
109,1,168,r,61,2.7,116.84,Laurel
104,1,56,r,65,2.72,116.84,Laurel
mystery,3,un,un,67,2.72,116.84,Laurel
108,1,28,g,65,2.75,116.84,Laurel
108,1,28,g,65,2.76,116.84,Laurel
206,2,56,g,61,2.82,116.84,Laurel
207,2,28,r,63,2.84,116.84,Laurel
107,1,56,g,61,2.88,116.84,Laurel
203,2,112,r,67,2.92,116.84,Laurel
208,2,28,g,63,2.98,116.84,Laurel
103,1,112,g,65,3,116.84,Laurel
107,1,56,g,61,3.09,116.84,Laurel
202,2,168,r,65,3.11,116.84,Laurel
208,2,28,g,63,3.13,116.84,Laurel
303,3,112,r,37,3.15,116.84,Laurel
102,1,28,r,61,3.18,116.84,Laurel
207,2,28,r,65,3.2,116.84,Laurel
304,3,28,r,61,3.3,116.84,Laurel
207,2,28,r,63,3.66,116.84,Laurel
207,2,28,r,65,3.68,116.84,Laurel
207,2,28,r,63,3.88,116.84,Laurel
107,1,56,g,63,3.05,118.11,Laurel
101,1,112,r,69,2.36,119.38,Laurel
305,3,112,g,69,2.36,119.38,Laurel
302,3,28,g,61,2.42,119.38,Laurel
101,1,112,r,69,2.48,119.38,Laurel
305,3,112,g,65,2.49,119.38,Laurel
101,1,112,r,69,2.65,119.38,Laurel
101,1,112,r,69,2.68,119.38,Laurel
103,1,112,g,69,2.7,119.38,Laurel
101,1,112,r,65,2.73,119.38,Laurel
107,1,56,g,69,2.82,119.38,Laurel
102,1,28,r,67,2.87,119.38,Laurel
108,1,28,g,67,2.87,119.38,Laurel
206,2,56,g,67,3,119.38,Laurel
107,1,56,g,63,3.04,119.38,Laurel
308,3,56,r,67,3.15,119.38,Laurel
102,1,28,r,67,3.24,119.38,Laurel
107,1,56,g,69,3.4,119.38,Laurel
208,2,28,g,65,3.98,119.38,Laurel
mystery,3,un,un,69,2.27,121.92,Laurel
101,1,112,r,65,2.3,121.92,Laurel
mystery,3,un,un,67,2.43,121.92,Laurel
mystery,3,un,un,69,2.76,121.92,Laurel
302,3,28,g,65,2.78,121.92,Laurel
206,2,56,g,67,2.79,121.92,Laurel
102,1,28,r,65,2.82,121.92,Laurel
104,1,56,r,65,2.83,121.92,Laurel
208,2,28,g,63,2.86,121.92,Laurel
308,3,56,r,67,2.93,121.92,Laurel
204,2,56,r,67,2.98,121.92,Laurel
108,1,28,g,67,3.11,121.92,Laurel
302,3,28,g,67,3.11,121.92,Laurel
102,1,28,r,69,3.15,121.92,Laurel
107,1,56,g,61,3.3,121.92,Laurel
103,1,112,g,65,3.36,121.92,Laurel
302,3,28,g,63,3.52,121.92,Laurel
304,3,28,r,61,3.54,121.92,Laurel
104,1,56,r,65,3.7,121.92,Laurel
302,3,28,g,69,3.82,121.92,Laurel
mystery,3,un,un,69,0.84,124.46,Laurel
104,1,56,r,65,1.745,124.46,Laurel
101,1,112,r,63,2.23,124.46,Laurel
308,3,56,r,67,2.23,124.46,Laurel
301,3,56,g,61,2.51,124.46,Laurel
101,1,112,r,69,2.55,124.46,Laurel
104,1,56,r,65,2.58,124.46,Laurel
302,3,28,g,69,2.81,124.46,Laurel
303,3,112,r,63,2.87,124.46,Laurel
108,1,28,g,63,2.98,124.46,Laurel
204,2,56,r,65,3.12,124.46,Laurel
104,1,56,r,65,3.28,124.46,Laurel
204,2,56,r,69,3.28,124.46,Laurel
304,3,28,r,61,3.35,124.46,Laurel
302,3,28,g,61,3.41,124.46,Laurel
301,3,56,g,63,3.44,124.46,Laurel
302,3,28,g,63,3.45,124.46,Laurel
303,3,112,r,69,3.56,124.46,Laurel
207,2,28,r,63,3.65,124.46,Laurel
107,1,56,g,63,3.98,124.46,Laurel
101,1,112,r,67,2.64,127,Laurel
101,1,112,r,67,2.66,127,Laurel
308,3,56,r,67,2.76,127,Laurel
208,2,28,g,63,2.87,127,Laurel
108,1,28,g,65,2.95,127,Laurel
308,3,56,r,61,3.05,127,Laurel
107,1,56,g,61,3.06,127,Laurel
308,3,56,r,69,3.11,127,Laurel
mystery,3,un,un,69,3.11,127,Laurel
107,1,56,g,69,3.18,127,Laurel
301,3,56,g,63,3.2,127,Laurel
302,3,28,g,69,3.28,127,Laurel
102,1,28,r,65,3.34,127,Laurel
103,1,112,g,65,3.36,127,Laurel
301,3,56,g,65,3.59,127,Laurel
107,1,56,g,61,3.7,127,Laurel
206,2,56,g,63,3.85,127,Laurel
104,1,56,r,63,2.17,129.54,Laurel
101,1,112,r,69,2.26,129.54,Laurel
108,1,28,g,65,2.69,129.54,Laurel
207,2,28,r,67,2.85,129.54,Laurel
101,1,112,r,67,2.88,129.54,Laurel
108,1,28,g,69,2.88,129.54,Laurel
101,1,112,r,69,2.9,129.54,Laurel
108,1,28,g,69,2.95,129.54,Laurel
108,1,28,g,65,3.08,129.54,Laurel
308,3,56,r,67,3.08,129.54,Laurel
101,1,112,r,69,3.15,129.54,Laurel
301,3,56,g,67,3.16,129.54,Laurel
101,1,112,r,65,3.2,129.54,Laurel
206,2,56,g,61,3.31,129.54,Laurel
302,3,28,g,61,3.31,129.54,Laurel
108,1,28,g,65,3.34,129.54,Laurel
107,1,56,g,63,3.35,129.54,Laurel
108,1,28,g,67,3.39,129.54,Laurel
108,1,28,g,61,3.42,129.54,Laurel
108,1,28,g,69,3.53,129.54,Laurel
102,1,28,r,63,3.57,129.54,Laurel
101,1,112,r,67,4.09,129.54,Laurel
101,1,112,r,69,3.08,130.81,Laurel
108,1,28,g,69,3.01,132.08,Laurel
302,3,28,g,65,3.04,132.08,Laurel
108,1,28,g,65,3.2,132.08,Laurel
101,1,112,r,67,3.23,132.08,Laurel
108,1,28,g,67,3.27,132.08,Laurel
101,1,112,r,71,3.31,132.08,Laurel
108,1,28,g,63,3.38,132.08,Laurel
107,1,56,g,61,3.54,132.08,Laurel
206,2,56,g,63,3.57,132.08,Laurel
104,1,56,r,61,3.7,132.08,Laurel
102,1,28,r,67,3.88,132.08,Laurel
101,1,112,r,67,2.99,134.62,Laurel
308,3,56,r,63,3.18,134.62,Laurel
101,1,112,r,67,3.26,134.62,Laurel
206,2,56,g,67,3.54,134.62,Laurel
306,3,168,g,69,3.6,134.62,Cody
302,3,28,g,67,3.69,134.62,Laurel
104,1,56,r,65,3.75,134.62,Laurel
101,1,112,r,67,3.77,134.62,Laurel
107,1,56,g,67,3.83,134.62,Laurel
101,1,112,r,67,3.14,137.16,Laurel
101,1,112,r,67,3.14,137.16,Laurel
102,1,28,r,67,3.14,137.16,Laurel
101,1,112,r,63,3.17,137.16,Laurel
101,1,112,r,69,3.49,137.16,Laurel
102,1,28,r,67,3.75,137.16,Laurel
107,1,56,g,63,3.51,139.7,Laurel
104,1,56,r,65,3.8,139.7,Laurel
101,1,112,r,30,3.86,139.7,Laurel
308,3,56,r,69,4.02,139.7,Laurel
107,1,56,g,65,4.17,139.7,Laurel
302,3,28,g,67,4.17,139.7,Laurel
302,3,28,g,63,4.32,139.7,Laurel
102,1,28,r,63,4.4,139.7,Laurel
101,1,112,r,67,2.81,140.97,Laurel
101,1,112,r,69,2.89,142.24,Laurel
203,2,112,r,65,2.93,142.24,Laurel
101,1,112,r,67,3.84,142.24,Laurel
101,1,112,r,65,4.09,142.24,Laurel
107,1,56,g,65,4.13,142.24,Laurel
101,1,112,r,67,3.99,144.78,Laurel
102,1,28,r,67,3.57,147.32,Laurel
302,3,28,g,67,4.06,154.94,Laurel
109,1,168,r,63,1.64,170.18,Laurel
109,1,168,r,69,1.7,172.72,Laurel
mystery,3,un,un,65,0.26,27.94,Laurel
mystery,3,un,un,71,2.29,96.52,Laurel